x1,x2,x3,y
-0.08754808087203059,0.30565212498897165,0.9965996139270237,1.9849454208452348
0.10204723559625806,1.0,0.5342525678615062,7.949842157337521
0.6630662728279004,-1.0,0.7650274966902817,-2.068887998602051
-1.0,1.0,-0.09747074412317658,8.726536738890928
0.30173148858640286,0.2314586668317391,-0.5953607673731593,0.7674894025052688
-0.5687153068534208,-0.39060958964109527,0.6865061867225299,0.9517053605501513
-0.0073841243155103875,-0.11853399143375198,0.17806785895924526,0.9712682783061737
-0.8756500790350406,-0.5241037098960659,0.7202299035593371,1.936866379207225
-0.245981540576248,0.3710400045155089,0.23757432438928405,-1.1856943382228953
-1.0,-0.23919426963399326,-0.15105669187969273,-3.131345800618396
-0.6135553660020829,-0.8764082844468677,-0.7517009378114259,-0.6232252357846566
-0.25170445051864054,1.0,0.5121907825550263,7.417665179631137
-0.9481260340413751,-1.0,-1.0,0.9430851137269047
-1.0,1.0,-0.8369344353942834,14.804729944354932
1.0,0.324837316488902,-1.0,10.810837836009897
-1.0,-0.7186619930718754,-1.0,4.907087091364382
1.0,-0.5883657216547089,-0.893340495770895,4.013439332754176
0.22156372377951405,0.12828770512330245,-0.10563956445174405,0.6310974018577571
-0.32790795365179615,1.0,-0.35788711844758625,7.499070657262414
0.5371434269203799,0.2503943522726739,1.0,2.068618256817394
0.40343315784744815,0.46588084726424484,0.4057358473538921,1.1776803431932041
0.10348095777299227,-0.08196110685754388,0.84401095815825,-0.34227712130172905
1.0,-0.9597103101902595,1.0,-7.35630048995638
0.012866040028692405,0.6779477054145335,-0.6202850478608426,0.4416641029140381
-0.022762768014817913,1.0,1.0,12.906319030162816
0.11391711846482777,0.12040170589380583,1.0,0.05505223547347865
0.5497560658011444,-0.11910072854234399,-1.0,-3.73680589631702
-0.10831548211122444,-0.6480904118400039,1.0,-0.6733120448196099
-0.10722818776630683,-1.0,0.42474379667383966,1.6122908518779775
1.0,-0.1693991428131454,0.7950677668105686,7.633925655545185
-1.0,0.3330898644481066,-0.11137725546064048,-3.050459973972088
-0.27679934053798405,-1.0,-1.0,-15.107671138039242
-1.0,0.4169091131544802,0.7560629016093063,-3.5587230280013387
0.5799721186537046,0.0348705349510432,-0.8426381782197614,0.30036570802639667
1.0,0.4115112085772321,0.6231241619992243,10.666513172894382
0.24054385716769056,1.0,-1.0,5.37677051147543
-0.3385741302097274,-1.0,0.16679855626056228,3.062078056404228
0.019820568348002165,-1.0,-1.0,-18.316200578024464
0.6320154610408779,-0.7110575944366191,0.0018068118063914174,0.8038789657348112
0.3951859286927266,0.0276373500807372,-0.7114875792967714,0.8190423700591716
0.29396599237570964,-1.0,-0.06206817963058775,1.1267226151582648
0.8867211794458194,-1.0,0.2807813136225892,-5.778736031850244
-1.0,0.3324086897705314,0.39689559542666886,-5.209409292233393
0.937877263249915,1.0,-0.4382425435072985,16.44140179870096
-0.38640297838956617,0.8999454219122072,1.0,10.963900470421743
-0.10321591971443977,-0.15265071758592663,-0.48685459874391324,1.1975728806896835
0.32442519101909073,1.0,1.0,10.679412713532045
0.2863792023431342,1.0,0.35936595583229103,7.7495155284817
0.09434823717948837,-0.8424951488377375,1.0,-4.0836440509933505
0.593759738068429,1.0,-1.0,8.529897957277512
0.2755815641512904,-0.16198989235517947,-0.3229703196703848,1.1799458615825689
-0.035695781932916004,-0.11885131578578045,-0.862107334664012,-0.8467578602087936
-1.0,-0.07586617707054599,0.8466704585360048,0.3555146988503688
-0.3257748666392173,-1.0,-1.0,-15.09738879062792
-1.0,0.42278875339721744,0.1039477779016813,-3.772536398657633
-1.0,0.3412699980480536,0.2371025416989223,-4.228538193425812
0.5279666047508678,0.03724397743763319,0.3942642678627919,0.6826680963997696
-1.0,-0.3671019227888954,0.5562258975461498,-0.27270472507607
0.7576371235117969,-0.5215827834883047,-0.6610466176621499,0.2891680830271235
-0.18774506917022804,-0.4573585392299109,-1.0,-4.879202726620814
-1.0,0.41055368579591955,-0.5919796479296948,1.4516183256151889
0.5007549312098785,-0.13689641757866045,-0.45322781491659336,1.83075110428494
0.6072791816639322,-1.0,-0.6312772098364441,-5.830894240771754
1.0,1.0,-0.18321047862350381,15.914102715072584
0.05681295713178147,0.2443102804501407,0.20931684172343568,-0.027773386386587273
-0.29670190048693357,1.0,0.21787939326888717,6.984901916652427
1.0,0.682153814404119,-0.9736152289532567,14.890933829668336
0.47257991049141834,0.9385279026534452,-0.7177879260732958,7.622956454193821
0.9697555671337825,-0.5838650365181801,-1.0,-1.587655013520159
1.0,0.3884529181509788,-0.48315921278812946,5.031814845208654
1.0,-0.9423451840394403,0.8705005533514585,-3.960142698191655
0.2607934217371455,1.0,-0.36316851517140036,10.53330985856401
0.36051665670273936,1.0,-0.380552296726379,10.579077900812068
-0.44816835439644187,0.1374479833483182,0.033611085840462795,0.5743183484049301
1.0,0.5349164223804428,0.24092598075184601,7.44248510122849
0.39066312643366063,-0.28760382603149504,-0.7844252775256777,0.46677583465349337
0.059456798913823716,-0.1713611625966731,-0.7688392112246676,0.01485284098880224
1.0,0.948618081082272,-0.6346279775651302,18.09668075958889
-0.21945121125953926,-0.22507361474072174,1.0,0.5266932823011473
0.7291537621791799,0.8061748220019196,-0.11301293026193937,3.6607112495446885
-0.20485019384705883,0.16658056491757622,0.6255116915615544,-0.5193348923801472
-0.9350645550227961,1.0,1.0,16.424300336836396
1.0,1.0,0.23975224149329488,13.92093148866925
-0.23480921837737379,-0.0021429558551107064,-0.5123084274853069,0.4442711799115622
1.0,-0.9954349850793556,-0.9960930957985936,-28.273682000716942
1.0,0.3789242029385069,0.20234555399676224,7.203491157846138
-0.9767694489477783,-1.0,-0.2695740379494538,6.222722088060034
1.0,-1.0,-0.6382868509588189,-12.582112215289325
0.13075321769919657,0.31924736376465424,-0.46349784503554203,-0.0814821132340251
1.0,-1.0,-1.0,-29.492542802647577
-0.05403735148707267,-0.3279290708133682,0.5944097107484658,0.3877450919011142
0.8693050175119903,-1.0,1.0,-8.153021933877769
1.0,-0.38472443382577115,-0.3735926709541233,4.032704681177429
0.31249914960372327,0.7009758087928735,-0.10844588892979701,0.997657138447553
0.5605681872751291,1.0,-0.24479194279755934,10.277514335023218
-1.0,-1.0,-0.5366762883725511,4.710481049809659
0.942129631198517,1.0,-0.41855918587364194,16.39798481561468
0.14592390473920713,0.13741887562580457,0.9320728293662046,-0.8184071998808524
0.07663781123346158,1.0,-0.24880416984384945,9.603841849938448
0.7679312824125919,0.8518551774150416,-0.6484762848242651,5.658021299196765
-0.26533338927098526,0.9930770480061397,1.0,14.871213278638594
-1.0,-0.6817300601112424,-0.7139822164572038,1.3765438194025523
0.43521856627123046,1.0,0.7688944391946857,7.636673170997624
-0.6348345544440102,-1.0,0.6360081332802612,4.187386945040202
-0.2722814535669802,-0.8114904077104081,1.0,-1.802662803400981
-0.9963387805539994,-0.31354693751549645,1.0,6.035486410417093
-0.10606650975985854,0.32075641405496835,-0.5160799312076738,0.042805754324571565
0.20494579847647532,-0.5727787704197767,1.0,-1.8061747002681046
-0.31339721959377553,-0.050345596277997506,-0.980217338317992,-2.51270223900135
-0.351111657971102,0.854882918852065,0.8755290445066299,7.23263093206542
-0.658682247899355,0.34872176622610285,-0.5071068367236415,-1.9001445655619162
0.4809820330686434,0.10846735326407675,1.0,0.8761071956442129
-0.808256259394563,0.7432801475260258,-0.4023627308230586,-1.488761422119079
-0.2941279667743244,-0.6073664406131352,-0.5791281974639413,0.30951651933203844
-0.023315020494976357,0.3268697173016182,0.1660506708833951,-0.40771747046005274
-0.09168547241359981,0.40903085449680643,-1.0,-3.639317760926143
0.3464538187703592,0.06397941022098119,-1.0,-3.4056390819383893
0.8246736329307072,-0.8705606806330595,0.2102994635887938,-0.9209171805215741
0.13806697622507325,0.4534395685456545,-1.0,-4.159600370189387
-0.3442223095990853,0.5777996196153918,-0.6080337997137355,-0.15524200489948659
1.0,-1.0,-0.35707523219182935,-9.628800277501718
-0.58062940706272,0.36021410953716115,1.0,3.6175236315924053
-1.0,-0.9827153299041225,0.2929511930966573,9.307780257362284
-0.8206054268062857,-1.0,-0.45381289317331475,4.600770010965133
-1.0,0.7560203767121074,-1.0,19.8155246242949
-0.5435838105167672,-1.0,-0.3042623471222281,3.1404527437420566
0.0038526170705650564,0.3192254025243608,0.3320783641399321,-0.2085255003033747
-1.0,0.4144891323827391,1.0,4.273656080153566
-0.8201414340745679,1.0,-0.5210012530412247,4.252072550328599
0.19689699719482556,1.0,0.894173424305942,10.498328696432507
0.7482451876296337,0.2588287481267131,-0.43141642513538003,2.099409062770455
0.39177764592340525,1.0,0.25693741012959137,6.782043270251165
-0.27269765257993495,-1.0,1.0,-5.634044807416078
0.92419377865457,0.997178673254594,-0.7866424966206411,22.388044546956312
-0.582602937793441,0.4865082693703908,0.22323219937683203,-2.143226498585439
-0.8696261363778703,-0.40561690889448476,-0.9089081453945183,3.7499402521065237
-0.15231527235844844,0.25390348716277966,-0.26514048040590876,-0.16794976131025566
0.5021809651953337,-0.8681717819685111,0.39013772283099035,1.0043267388144936
-0.17649594048427186,0.32993824031504393,-1.0,-3.6982778789791704
-0.5249812890412155,-0.03452907865077304,0.5877404854597346,-0.6208601886050746
-0.5605072762434755,0.4004665979759854,1.0,3.6776715637591506
1.0,0.5160558642604487,-0.4992407024827825,5.29308015437277
-1.0,-0.4056830086795422,-0.33186863222684115,-1.797344600282832
-1.0,-0.44256592588807897,-0.20744653062561258,-2.3766972129565813
-0.3589237058507724,-1.0,1.0,-4.382213938434621
-0.11945851828249787,-0.11182216672044265,1.0,-0.0832400527035018
-0.19355177439401716,0.17599762472743863,1.0,1.2939684369046793
-0.19250859455091507,-0.32369444444341355,0.04283247364576015,0.9248550244086062
1.0,-1.0,-0.2702677777559084,-9.348160998707385
-0.5888226427694858,-0.4391179839104489,0.1865331336455076,-0.29370322262607873
0.16214840337126923,-1.0,0.15672720940284224,1.3706235742921806
0.274553064700088,0.06333771415013545,-0.558218811467726,0.7132322599918366
-0.15754512808761767,1.0,0.7781744608927275,9.617556161832779
-0.8246508400029413,0.08662536178957492,-1.0,5.03255961028251
-0.20943558307864585,-0.1823998740409949,-1.0,-2.862012896593817
-0.4700784851065376,-0.48354951058863227,0.5652562593373722,0.6748195927390315
0.9686650796440799,-0.6683880094722432,0.014021992566980002,2.424542451245481
-0.9746167765951592,0.4317210696574032,0.38337309012544174,-4.343640665279179
-0.6770224517411818,-1.0,1.0,1.3552467507024666
0.7604698813171333,0.4239390460383863,-0.2774515048362458,2.161211962205301
-1.0,-0.326915282621832,-0.7236445565462193,-0.12302097548287885
0.9282112485944773,0.36051376893602805,-1.0,6.262369147614773
-0.4793904927015744,1.0,-0.20617686549697978,6.377940530597942
0.6069853759453743,-0.2372512797498476,-0.32887025664231917,1.6331450808788084
0.9139258288889713,-1.0,-0.720074718019432,-12.749642824216895
0.6983430971887117,0.31967445230920477,-0.9836067671954725,-0.242289671715728
-1.0,-1.0,-1.0,2.3693289769883616
0.21029910981988675,-0.4753921855832668,0.6320256605005419,0.8208338509601161
0.11143983256888323,0.22574881108132838,0.7073470931877508,0.5253192698821916
0.9461744590023602,-0.00988158176645837,-0.14124974329105577,2.8732947567315796
1.0,-0.30318205332723447,-0.2362316511940512,4.511145271444958
-0.11790427016602867,-1.0,-0.5508414849407539,-0.32775620166074615
0.14366210656661504,0.9791946296154161,0.061145976938908886,6.759814861260033
0.47383033914826145,1.0,0.38290403941246876,7.673968798222232
-0.8324472098797224,0.0020444363412635003,1.0,1.7686198556402173
-1.0,-0.5103255155564974,0.8912477844634386,5.854694757096237
-1.0,0.9436427047811,-0.2792672182784903,7.8191456372053425
-0.5852825668434847,-1.0,1.0,-0.9411794634842765
0.4377356696110619,-0.11474510802485849,0.6545551792724491,1.1043240141986685
0.4599427688172162,0.7489932081828821,-0.6793807071101461,1.63410984061211
1.0,-0.07423028706567236,0.42024426963258743,6.119032929524124
0.4120926639439042,-0.2131436329608225,0.5206723948672127,0.6619454360957087
0.5732304708866693,-0.05842479069326112,-1.0,-3.317682247936891
0.18226110071010537,0.14772602135315704,-0.6818327724232769,0.47709795623464024
1.0,1.0,1.0,25.76538385464764
-1.0,0.07061355636811362,-1.0,12.307527581053883
-0.1920788701467746,0.7350322274562358,0.21226046320930347,0.8510729700228679
0.38224399314261426,-0.11045606297560706,0.8486958878695816,0.05421190227223041
-0.785912527766705,0.03554911907804903,-1.0,4.842034251154793
-0.8065121089910567,-0.6340776891712834,0.2000613851618558,1.2736785710030778
1.0,-1.0,-0.5108131140888208,-10.325826455301707
-0.4914786735544434,-0.523432175737002,1.0,1.479350324128341
0.9153923448416319,0.07952827306958477,0.7778092105415653,6.4350224296346505
-0.2022494127823835,-0.4103277368368219,0.6752128345913913,0.1569266582017816
-0.859581772510664,0.8871141904750968,-0.2750728720260591,1.9826648691504691
0.9150091379244172,-0.34815919967297315,-0.49724147908674543,2.26768763699358
-0.7615617279453573,0.28426989010118464,-0.798166445589992,0.6315612968054233
1.0,-0.9059233425838431,0.7235139078072035,-1.830245166028897
0.36253213014633245,0.2859354847943436,-0.5672661724661316,0.6096457625429368
0.9453196157850927,0.58838578271591,-1.0,10.234637609955783
-0.33063463723082176,-0.6681574552592895,-0.036682482469047484,1.479476040965289
0.6336712619164115,0.2581602950862376,0.9692304173502262,2.015811764859028
-0.2765087248697553,0.10447113885331527,1.0,1.6605180755773405
-0.20364279108540972,-0.5928064480231452,1.0,-1.0970710473590661
-0.8216087694554914,1.0,0.23049197330049864,3.2752252504735164
-0.13270512831375458,0.2633343395647689,-0.1542329781658751,-0.5650291392324811
-0.5593519047604489,-0.01443564333377556,0.14588996828436396,-0.49041006813094135
-0.20089760173344984,-0.9558369409373664,0.42413361740418987,1.6193194805411915
0.9796935568089351,-0.3755140951991638,-1.0,2.4654559027871104
1.0,0.37610790129845295,-0.45630320322027607,5.20844325151072
-0.11284437720296436,0.7866821810823701,-0.7884616378018139,-0.16741420991623363
-0.500667060443269,1.0,-1.0,0.45628647973133507
-0.12172865244812847,0.40159709894404827,0.15138084849329414,-0.41429278668300756
-1.0,-1.0,0.24039832952024787,9.582156518174578
0.2124655573966039,0.5614696874517704,0.3058189565097682,1.3806426146823005
0.511836572795398,1.0,1.0,9.522758015711972
0.20035574059266947,-0.9488388218740686,0.11291008908627997,2.077375985991503
-1.0,-1.0,1.0,21.72786377260279
-0.8341165344824912,-0.28882380565373844,-0.09244336159587774,-0.6564785533618114
0.8207968483658341,-0.5598781338041827,0.3023680373302424,1.89983914076041
0.6662192075089093,-0.7683541710523711,0.08450975056090848,1.3191073706942682
-0.9611870561801652,0.12297287172321658,0.41764893626973887,-3.737690189927716
-0.5157672451013242,0.6656351913488294,0.2731483476871768,-0.9536376258767674
1.0,0.052594575584898884,-0.04948657605993034,4.832950996860403
-0.15869912431544142,0.2775257362764376,-0.21761281207019656,0.36545242767974584
-0.26176610446215776,0.10524716955724878,-0.20505932843656782,-0.49806613931938126
-1.0,-0.6751128994370299,-0.16280465094888874,1.0748936889958043
-0.2587315051753296,1.0,0.2540968321524084,7.4878696379924055
-0.4690246204483468,0.5232169455574616,-0.44369870104025866,-1.2212865316852313
0.656622351848408,0.08456717398565083,-0.27584366921959047,1.9402082642377476
-0.15227507185329903,0.6075967592577076,0.24850339014411582,-0.44799939099606567
1.0,-0.3631058217211103,-0.07732490113684332,3.825467010140426
-1.0,1.0,0.8726255105221865,5.948211594237274
0.2952196075836233,0.5376953374334712,1.0,4.348858873622872
0.13029299906369962,0.34724589531743,-0.611929127303241,-0.1489553509349355
-0.8922509824962772,-0.5476764432190744,1.0,6.98390063935407
0.13090889132928663,-0.7108442177216328,-0.5635406354165227,0.4936679520856613
-0.8009399758548224,-0.7249035381101561,-1.0,0.8788052694594791
-0.3353924408193163,-0.5126294379584682,0.7927038134605946,0.18591141883301976
-0.49461655387037307,0.7292224327495886,1.0,7.93585760064952
0.9376498365960693,-1.0,-0.3989102037507535,-8.37037675797721
0.28014600846939874,0.6449791480146738,0.07536921783606432,0.28962677591803443
-0.18505157525962623,0.4361357878737584,-0.5396192963192774,-0.19562342565864071
0.5358083200470407,0.06000913934928054,1.0,0.2961414080257812
0.31599108150850785,0.054582535983454195,0.5596770488870391,0.7633041702937556
-0.5767438074350997,-0.9276719499636836,-0.6871336647668858,0.591055650116959
0.9538948939397605,0.22981714915429197,0.5520085953983742,6.747206240449718
-0.4265982235693433,0.05563531586018566,0.1329678268182104,-0.1439057269014542
-0.5787568754118011,-0.24249015933961937,-0.18425737381788587,0.1909300117415348
0.33186584269006714,0.6935829964707536,-1.0,-3.7066165286929267
0.8441482332322181,-1.0,-0.4668229939088093,-7.25592163875942
0.5519324182442504,-0.7459308242658518,0.7588424941642873,-0.2604939608906577
0.09387088467219384,-1.0,0.6362400930631102,-0.3359279701044898
1.0,-0.820445289275554,1.0,-1.841501350505365
0.6378177373163252,1.0,0.781082808393289,9.2492704860466
-0.5770458527984874,1.0,-0.24701595945555188,5.296493583341196
0.05640118499936819,-0.3496719463131537,0.5463907806729196,-0.3407586177467994
-0.5117224312331887,-0.18030519153719582,0.7292959485560286,0.19456042111535782
1.0,0.10194208717570508,1.0,13.695210878245243
0.28767754574772586,-0.4815522664866203,0.820952636033603,-0.7233014626191009
0.43435246235408753,-0.30820524567627317,0.23802371050002558,0.7201141571615007
0.2866989357441805,-0.8140751708182066,0.4308045179171671,0.9902806076650038
-1.0,-0.06662396339442012,1.0,4.233672824292987
-1.0,1.0,0.337613438856593,2.796014838921955
0.2690691003380301,0.8997269848295,0.5831044310202551,4.882498759879092
0.7043513112989894,0.10484502517645344,1.0,1.8036048378286353
-0.7447897751449999,-0.016504448799127713,0.6834040131080119,-0.44972285178431326
0.9850456511405932,0.3909991773955137,-0.16357929236327062,4.6308326181419694
-0.6051188387453812,-0.5544418885628544,-0.07167730258147431,2.118383207850869
0.4963804171405586,1.0,1.0,9.593585354103283
-0.2143551017425962,-0.030182479167580434,0.3564384076339093,-0.6656843241269417
0.06923511349654299,-0.6781864919439968,1.0,-2.7045621468675938
-0.2077318010101521,1.0,0.9960954047181363,14.605333997765344
0.85506898265724,-0.4217076151695369,-1.0,-3.25193647272351
-0.8409008990983977,-0.17370997123548615,0.4993333362340686,-1.575046528096133
-0.6521012825754182,-0.0717040970891829,-0.013038288308014678,-0.9012607310428453
-0.2272009450454866,-0.38240841761399036,-0.8173378004905871,0.22001470749021712
0.19605061999386564,0.525331271824566,-0.8968066960818946,-1.2311218734791567
0.15631818904424422,-0.008636732312214956,-0.41851946556178343,0.4750415076736535
-1.0,-0.8777745161658421,0.21111284849234102,6.208117231992569
0.7705731544660266,-1.0,0.9030106707949406,-5.393967022401535
0.09546148761971485,-0.04106429754290053,0.8811473027371957,-0.5961993064680389
0.003037447536790694,0.09107477051448631,-0.25015767878568074,0.3658046597365945
0.3393128183883687,-0.6726018836612793,1.0,-3.8232650200060014
0.19055168232159603,0.00524291837523716,0.12696226498763497,0.27934822038385765
0.3043014473460284,-1.0,1.0,-7.280354903252251
0.6082920212546776,-0.9193586968157226,0.03891521524877506,0.4845649826572844
-0.6325267509111683,0.17218852852371103,0.796765693500211,0.8288050891965261
-0.5176432928098371,-0.8589903339276899,-0.052393101675433096,2.9773860441954176
-1.0,-1.0,0.0456660083630378,7.889022793501715
0.9628050279454503,1.0,-0.7470410802885099,24.159866131454642
-0.468173901582305,-1.0,1.0,-2.674580956175029
-1.0,-1.0,-0.8063136985022119,3.3064554655912324
1.0,-0.2603546080594108,-0.6783731323353304,5.6166024119407245
0.6163584818750176,0.4289757752433181,-0.18927253529325272,1.7564918858229126
-0.6381935808652603,-0.29373352699775657,-1.0,-0.23860205948434166
0.6094803831431588,-1.0,-0.6523973965962466,-6.476732249028131
0.7718876555725276,-0.8069891105007634,0.1583534597672953,0.4397908554843289
-0.37615113488599117,0.34506204485332304,0.17563294474913538,-1.7183622877837377
0.20108367829330764,1.0,-0.006091293162010958,7.769621916689447
0.222722318280675,-0.05952848092129215,-0.9297275484091421,-1.2844397086906416
0.6948264797020649,0.2229982775890902,-0.0706336784788526,2.2698425207329733
-0.02610118138463613,-0.5200362772681748,-0.6494325281029192,0.5232921938805579
0.39832117030896996,-0.7506616202755416,-0.3397293806449915,0.6347886678605158
-0.6614737859969202,-0.5462837616751386,0.5646594459862133,1.957661786450919
-0.29464616128333754,0.5297137585439078,0.07715814768262574,-1.0296638575522368
0.7087120100601645,-0.7029426354213806,0.6663555438332531,0.4690847774907325
-0.39646186559041086,1.0,0.12399492806416146,7.121318894728939
0.15844083762495953,0.5850157424984808,-0.3090375100075029,0.3096396438446923
-0.13096620531747027,-0.005204423065776176,0.9401944570088314,-0.10410222469544006
1.0,-0.6054620244237365,-1.0,0.3472473344544329
-0.1142619341032276,0.9090657830780124,0.0950139793035476,4.183889036059702
-1.0,-1.0,-0.3282916582455908,5.375762626613129
-0.21044643565541166,0.5141429058738598,-1.0,-4.116590721252575
0.2569263945538205,0.04742204588600285,-0.44257428858785786,0.22214702837014777
1.0,-1.0,-0.13186141876020807,-7.92284155940546
-0.49286828554989004,-0.11704517212188015,-0.41506071644585596,0.8930800869738414
1.0,1.0,-0.31740371156032876,17.64625510587315
-0.895802500337811,0.2697890655638784,0.19846465629714638,-3.9798156502357007
-1.0,-1.0,0.5358111832789509,12.793054905120803
-1.0,0.8113129799568632,-0.2933816189673444,3.2123466397605367
0.9129479784938155,-0.373158613798233,0.3138038932649565,3.6398528200974583
-1.0,0.8237772940181154,-0.35738917413614213,4.7491990679395535
-0.7633445510109373,1.0,1.0,16.553562720082553
-0.3150433441802465,-0.160860401128744,-0.1361160537277024,0.23129933174649125
-1.0,0.2876421655298971,-0.24643121860983674,-2.951657315699562
-1.0,0.6593565201865419,-1.0,19.524814302886718
0.01084291071723209,-0.22025839442097306,-1.0,-3.6265974506071585
0.0208127132323197,0.27386424635100126,0.37460713355196673,1.0104750635866142
-1.0,-1.0,0.03559408044824375,8.221773813464273
0.16351806487800435,0.33217035077626744,0.6487884187785042,0.6418362622966797
0.9436032983248996,-0.22686841101322575,0.25606597888385196,3.8926909696597813
-0.02853966483730974,0.5690250893276851,-0.025446374383283565,0.5235648852238809
0.2451966638752694,-0.30388180505645535,1.0,-1.3029122365292807
0.870221869350716,-1.0,0.26423880892087137,-3.7331824675472456
-0.925132169494099,-0.1444818460566668,-0.513209404663945,-0.9967497032497614
0.6872696065132462,0.2558175658975115,0.10303042003581186,2.4499974005761525
0.6794405537526531,0.6658371094606927,-0.5998252344751069,2.604576433585338
-1.0,1.0,-0.3780928909157679,11.747517804364469
0.6530887806931791,1.0,-1.0,10.094887173379304
-0.7507964358195136,-0.39444878817688944,0.11165901114572763,-0.1796659234778895
-0.08529838043166915,0.1860317054965639,-0.43887677095461863,0.3153103175484866
1.0,0.06227289781576073,-0.44876252304060626,3.208604874352398
-0.5725665144092824,-0.62803291722595,0.6138144439811906,0.9463054672746474
-1.0,0.06254893351000024,-0.32639569596899665,-3.3131980884761143
0.810517335634442,-0.24621867349775006,0.6547321344653934,2.5304279146768702
-0.00554704593817168,-0.09035653780153696,0.9944504303091468,-0.04554601591506388
0.7704789481227572,-0.2971084715868306,0.12909684316999392,1.6746406247111574
-0.3597083777761638,-0.4351643590649641,-1.0,-3.780996862803662
-0.4801262300703699,0.32223432901147997,-1.0,-2.5908717515563824
0.06938263156387414,-0.7793138816774801,-0.8510985769332498,-3.6637583978678077
-0.4041792974639924,-0.8194598843901293,-0.31984226839022534,2.9625432283509854
0.036184523980676175,-0.40197741639735596,0.049110331997794354,1.1126771260733843
0.7643723540085239,-1.0,-0.42523080939162394,-5.659690118548266
-0.8072609044413654,0.5769723357304894,1.0,5.68059750747457
-0.8165304750418443,-0.7023591770857862,-0.01939870847041325,2.924551934037626
1.0,-1.0,1.0,-9.072113999050197
-0.5779484600136771,-1.0,0.885180637592984,-0.202934784914528
0.5293669785550232,-0.22987013620425567,0.01521253614191398,1.654452552128884
0.38236237671485696,0.8877867063700215,-0.08380952653134122,4.005535735268865
0.045484748899566,1.0,-0.5548230598671791,11.049420328512351
-0.3768153120739419,0.7348029077218128,0.7709913856090707,2.5497732299577716
-1.0,-0.8726095116575217,-0.49160253456214975,4.73800492158684
0.3711967312073501,-0.00790572512605503,1.0,-0.6069791561230198
-1.0,0.0981106832944243,-0.7354465569691018,1.0743826950491178
1.0,0.5250864743130066,-0.2142819865956369,5.884835133070697
-1.0,0.8341192963993718,0.8257023708428204,1.7561506858022764
1.0,1.0,1.0,25.114138898723933
-0.2714332436115665,0.25596384279382556,-0.5563997851006635,0.22098198515731346
-0.09812736524373622,0.6798637175037254,-1.0,-3.78545045928976
1.0,-0.44229767189295965,-1.0,2.128840625360167
-1.0,0.00966403162526941,1.0,3.613196930410969
-0.8106328446732378,-1.0,-0.9654144263914615,-3.158610629597579
-0.7736089974824953,-1.0,-0.31153947673788385,5.405007467155712
0.5794970227560174,1.0,-0.16699695175621776,9.18696752446782
1.0,-0.5255908092972708,-1.0,1.470694831801226
-1.0,-0.12727421157783225,0.3933521106578568,-4.430589595743794
-0.32997041902660684,-0.30542663539509873,-1.0,-3.090072400356349
1.0,0.01649695178839261,-1.0,7.604630309797361
0.23926470167520608,-0.2700468716152489,0.3460412420366388,1.4403487386732752
-0.5014761489753279,-0.2939004780893173,-1.0,-1.1352989345790876
-0.43843249527635164,0.6638997393515702,-1.0,-4.056667831595669
-1.0,-0.5329759596243102,-0.035962765226087434,-1.8330244059747016
0.7612923622455021,-0.22157525657072297,0.6030233661901017,1.5525096682977155
1.0,1.0,-0.29277410876139975,17.322070501958457
-0.7210180145527743,-1.0,-0.4308561498905048,4.47306155631937
0.616863983903023,-0.7850159339160994,0.7878300973923218,-0.01028400530989948
-0.8296276670832854,-0.2720942245620883,1.0,3.5093110551757936
-1.0,1.0,0.46358940687723704,1.2192196241589617
0.6558615772745624,0.16526711159795426,1.0,1.9794225729514272
0.04726504411906807,-0.47958303373549827,-0.19358961597961044,1.8462353303667616
-0.6878888701075201,-0.5920497012969685,1.0,2.6084402955261545
1.0,0.3047422186542583,-0.3100776558055649,4.769809926142198
0.017933726686046203,-1.0,-1.0,-18.058103710705428
-0.6485185872560237,-0.25290128753317376,-0.5503252441881801,0.6896759460009795
0.12891943715554954,0.36529941470270044,1.0,1.8592040780994958
-0.6990170024964657,0.6372920327665472,0.12709199945821315,-2.5146712886773748
0.5827551935758186,-1.0,0.10420136560099902,-0.24673577761165438
-0.07458498927428692,0.029301254595967663,-0.6931297480078298,-0.04742982265057566
1.0,-0.7866005516809758,0.4100072624490936,1.3876332844535466
0.15245899942189145,-1.0,-0.41999006734104594,-0.07988640951776221
0.31550600193970446,-0.3060262674855392,0.8914939095513894,-1.7037955268208937
0.022905172756755743,0.7830613922847451,-0.5778510904742429,2.0938522855512436
-0.9209315907935383,-0.07397357230772994,0.10123337542305788,-3.498386650264337
-0.29804201028381994,0.5544352194836879,-0.5052890910491061,-0.23736921220537882
-0.41774438028752314,-0.5430709795487905,1.0,0.7432330385374077
1.0,-0.5367059378768231,-0.8439437305907247,5.03032085075256
1.0,0.233079761331753,0.9225797959975468,14.52670791492534
-0.1789863515149306,-0.14971425124798943,-1.0,-3.752157374569995
0.159335543850873,0.2503622074748484,0.2423218409376,0.3525979007355926
0.761111767500493,1.0,0.5508724173661994,7.3720783805184125
0.058318024996530715,-1.0,0.4325610543106815,0.8516116861954122
1.0,-1.0,0.5926321383548678,-5.526439133946539
0.7728616292268262,0.269275405105587,0.13631709173925843,2.087175664252907
-0.05009602504119304,0.1494583869835322,-1.0,-3.1449126016837936
0.7079133785524716,0.8155229421933281,-1.0,1.9973245116920568
1.0,-0.24035528775854953,0.05338134344215395,4.346895922117735
1.0,1.0,-1.0,38.78276441106538
-0.8128341053906745,0.8347034748630586,-1.0,2.250389943150589
0.3317756046209839,-0.3038635978663107,-0.7519465080915497,0.27713807913466487
0.32999508548857426,0.7066278388192835,0.9315653101004444,4.118052978888465
-0.7915678602936704,1.0,0.3590010524456919,2.386540456584124
0.986944740246088,-0.02033639012630295,-0.1109098348143982,4.828298229248241
-0.32518177789311764,-0.6379442931704664,0.17679551331891075,0.9901018036554421
-0.12370150092703236,-0.5221671037418631,1.0,-0.3883994434935458
0.5050369302436435,-0.5804365085301484,-1.0,-7.834406035548699
0.750195554376752,0.2347574140861457,0.11794124350766788,2.755156727381143
-1.0,0.09680286297737628,1.0,3.2377290085975
1.0,-1.0,-0.13970056581960666,-8.370137388807935
1.0,0.7932107930335375,0.08436318050401148,9.344985250034082
-0.02782117025333508,1.0,-0.6084203205464296,9.464021655489692
0.5768543595190398,-0.38353973047181666,1.0,-2.107420914118828
1.0,0.9352252418503075,0.23413933387992247,11.556111054212298
-1.0,1.0,-0.4873523483732929,11.823513785631041
-1.0,0.8803387977516053,-0.26701260626065104,5.723130148703041
-0.8005278430536262,-0.016516773887293112,1.0,2.4712491395377922
-0.927408488681426,-0.6097278944335909,0.49355520478106074,1.6678687957493485
-0.8552922050017497,-1.0,0.33349970423114095,7.935977645402133
-0.0042418918451911924,-0.46167939510091194,-1.0,-3.8493061788406173
0.12009744467130057,0.3537867594602515,0.16292611507205956,0.8176463857961718
1.0,-0.6091467755848887,-0.2236969243469964,3.3570896008104465
-0.007885019013202044,0.7413105594218812,0.07803686501005269,1.492548643118754
1.0,0.002103712883428921,0.009875517401933154,4.943935035634536
0.8565505199509422,0.17753372908211462,-0.7963620090749643,3.4264454863211204
-1.0,0.9014182393723924,0.7599852472306121,0.34413518983823144
-1.0,-0.5660955947066819,-0.5261461952542072,-0.5417692631614983
1.0,-1.0,0.04476938620698778,-7.614603828186939
0.31089437113267393,-0.37111726377917376,-0.9517769581774709,-2.852977501935785
0.3715734074791428,-0.29121118569524573,-0.042544128955491534,0.7593106032525134
-0.510847341586264,-1.0,-0.6611695203116248,-1.2550366316334212
0.6888307141213268,0.4133199767803819,-0.5711043520994838,0.8835150253795857
-0.35880568745100083,0.012950668537917265,0.9254999762093536,0.7290364295753928
0.1621538153454225,-0.9476400998337922,-0.7497912451874233,-4.368673618414759
0.6885366098456887,-0.017510384126383283,-0.5938575663232091,1.8724549049300219
0.6876683642733703,-0.07773453755671289,0.1054415164073097,1.6142489675086156
-0.11647828950531891,0.7468066668322131,0.8054352871005217,3.359708549695107
1.0,0.5700821515508905,-0.8807241881313519,10.617914489116146
1.0,1.0,0.5277600308450339,14.61333936682794
-1.0,-0.781928358387322,0.8921687465890857,12.506500564812896
0.20240549480183168,1.0,-0.3634714274568325,10.295987662790322
0.09289342570427017,0.9650648906094494,1.0,11.009050248681463
0.2947265535771342,-1.0,0.5179051279748472,0.554479976421296
-0.4395393657344291,-0.6914620265454852,-0.3603831709795984,1.2168329958945532
0.8531224636842845,0.4167156257939071,-0.3072567482425337,2.818274304706348
0.5695145551792247,0.2396452162212881,1.0,1.4646547465997966
-0.15285193319475399,1.0,-0.023284418696156717,7.16453763924905
0.3365746375572001,-0.24175640750156036,0.38764917261695264,1.0104120900995772
-1.0,0.49247175417988287,1.0,4.924261586324831
0.2677864195739663,-0.635641049577593,-1.0,-7.342298907390768
-1.0,-0.9649067236978683,0.047133357077093097,7.169045664733454
0.48206859528926094,0.5500094045378467,-0.32642939920910563,1.88779439653224
-0.5494884876508634,0.09978293165204755,-0.32145009849315365,-0.7676222791815821
-0.10989004174256323,-0.9586646474364309,-1.0,-14.126315220548252
-0.8136753518840303,-0.320441231440314,1.0,4.568812765384879
0.6231835717906657,-0.9006777275440458,0.8921131886816034,-3.22538545436578
0.2502050180677293,-0.057698204743652504,1.0,-0.8402796881883133
-0.8154741594054846,-1.0,0.7398148406349767,7.812784979257855
-0.9975063207919252,0.703705557906914,-0.9153150983085221,13.098399858139366
1.0,-1.0,1.0,-10.148846624305426
-1.0,-0.14440023775831046,0.5656105476515649,-2.5790340527362425
-0.2472357442837172,-0.18537732942233842,1.0,-0.4326674388739661
-0.1474584564461352,-0.3796631132736179,1.0,-1.599824797995717
0.7491590452019663,1.0,0.6968060821046784,9.04470663057832
-1.0,-0.4960340885640908,-0.823881652579755,2.6029605943829766
-0.7344929699067919,0.31419273174741047,-0.0352269079394687,-2.805084920921944
-0.578146806568836,0.7859549025898844,-0.972614545662684,-2.857754507807331
-0.16154668243026693,0.12465544295838704,0.701582869468494,0.11406551618640215
-1.0,-0.4417097463915769,-0.2975674513575828,-1.690059995972032
-0.9179715711789169,-0.4717728058341695,0.2086621548204477,0.8518876224195103
0.44266631821505364,0.47866302216764356,1.0,4.449696283963426
-1.0,0.9704875976378031,0.7828492824364652,2.401486846966019
-0.779006012702097,0.9116950867241214,-1.0,1.0822587826699748
-0.8870031576119071,-0.5913477123034878,-0.5421991963100317,1.910518077635325
0.9747295281754191,0.3354625254555199,0.1767380962559475,6.19383172470007
-1.0,0.9823443343649594,-0.7607822622616245,13.127501082650422
-0.7444717231483264,-0.30064749568561044,0.49637774598188367,-0.13570293528552277
0.14821045326938997,-0.7275801387359673,0.653826046290775,0.6762104512065649
-0.9573576764468883,-0.13764329539361952,0.49215772447128425,-2.8136483505321856
-0.38847771919445284,1.0,-0.23840927394755074,7.301793115778194
0.45242315689339674,0.04840008003355911,-0.6257116414493811,1.702844217565587
-1.0,1.0,0.12776518779086343,5.916206650252551
-0.29135218970670307,-0.2745069771973463,0.3820437741114524,0.6164903878002566
-0.9502798930235259,0.32217448974722207,1.0,4.105020940538754
-1.0,-0.13469263747236981,-0.406805611286827,-3.060404983922853
-0.19352916857828362,-0.10169545253780843,0.015240531235402921,0.3660846796745382
-0.19168662216434207,0.1657439888070642,0.15371590450851014,0.4627613643238656
-0.49435609578673056,0.7881392892477432,0.11162595847303991,-0.1451252175470683
0.7507640887676783,-1.0,-0.610273023528684,-7.927271917185542
-0.5628250701431519,0.5647978871229835,1.0,5.301990949032459
0.1570976947508138,-0.21427207362807965,0.7559150423088543,0.45593473328008527
0.530634703721683,0.2101595555316318,-1.0,-1.609380509014445
0.33992792939835037,-0.07396378195386544,0.4926708358000609,1.2457037923532288
-0.7024795093572498,0.586327226816046,-0.8644881619048539,-0.7887183069897064
-0.2143724308460042,0.9857961748501172,-0.3808662597223018,7.423203218334149
0.966091589307319,-0.4926194744932475,-0.26960176646831746,2.4351015974806005
0.1531507550633726,-0.8356049335146793,-1.0,-11.003502428892155
-0.4340324894392209,0.4863466620791661,-1.0,-3.277960822732123
-1.0,0.37033974578359197,0.733330327263751,-3.6589881344565662
-1.0,-0.8115564939569768,-0.6103149477421683,2.8162012394668885
-0.07939719743941964,-0.6595441064007603,1.0,-1.8976204990119596
1.0,1.0,-0.36060467016163833,18.470002008772354
-0.0833707712840519,0.3708278618735714,-0.5208331215405801,-0.0056509067820192105
0.27451647383443545,0.458256935629787,0.01765148552682483,0.3111008802340197
0.2921694526939662,0.2018800373918006,1.0,1.1434755181716558
0.10856401166630025,0.11613956019418348,0.15373695012167032,0.5940214266567745
-0.1110612588630957,-1.0,0.7264876642422005,-0.31078827792214525
0.33683675745754615,-0.62385991709989,-0.8962971025794504,-4.017636894336059
-1.0,-0.15123802167181277,-0.6388337184647621,-1.5717728553652541
1.0,-0.05802379373306121,-0.25158988172324115,4.379852114314522
-0.7137686955809146,-1.0,-1.0,-7.479961221914663
0.8620561291178035,-0.9061153174071837,1.0,-4.374783681868785
-0.46239878900744436,-0.03552845536195237,0.36801637868623205,-0.2787577860124778
-0.2460671194091324,-0.37016960078165284,-0.13091258222669655,0.21611789933530223
0.5768318300317032,1.0,-1.0,8.484902441012704
0.20932782143478135,-0.9690596407351366,1.0,-6.659796384545908
-1.0,-0.4695213282891868,0.2328415115385929,-1.1536414038392933
0.8007064539884199,1.0,-0.19470636016988285,10.21167250503518
0.9586532878783818,1.0,-1.0,31.882240816331834
-0.3976137537557396,-1.0,-1.0,-14.119895553303724
-0.7929646578054776,-0.44146366034025664,0.4037069200276915,0.19109017589792943
0.16924216346617094,1.0,0.227325405509625,7.302506723788008
0.3004792330596986,0.5157553406694217,1.0,3.2276047639227774
0.3822476598264657,0.7344184880704425,-0.1092470461320949,1.2750871565986686
-0.11922630897931641,-0.4518770745996561,-0.9903858367806571,-4.21342637725733
0.6548000499221722,-0.2183001601930672,-0.9452534862544595,-2.3689452341003627
1.0,0.4596220588796789,1.0,21.537976364374558
-0.517450562990639,-0.14007354178361275,-0.5340702258284682,1.2084011464077253
0.9549888634047783,-1.0,1.0,-8.208490126256567
-0.502102035110795,-0.5464091825561697,1.0,1.4111550017865528
0.5196593717358151,1.0,-0.13948418891321035,8.643527263138452
0.21307534759540991,0.4932347283101597,-1.0,-3.1355870760167206
-1.0,-0.6872656309761156,0.876956560415814,9.631752282596254
0.47270544380328205,0.9954456049566671,1.0,9.326536307941
-0.04731929477421937,0.36413386655968516,-0.46312590776838025,-0.06747613384301138
-0.7341921207899444,-0.5872371246866024,0.8430148467719816,2.465587971258494
-0.5319309219451471,0.431031281834761,0.2625949183590286,-1.5355784273943582
-0.7425413086569967,-0.08187397334760749,1.0,2.7425679821227837
0.25146237230580204,-0.17118583451552682,-1.0,-3.9052881135352493
1.0,-0.8105471228644892,-1.0,-7.475217241366065
1.0,0.23390424772350515,1.0,16.432429290927352
-0.44720553953420805,-0.8074245702358744,-0.69703407946423,-0.06012588200935287
0.9625449228810186,-1.0,-0.40771085647435523,-8.853821174216083
-1.0,-0.08695988959344314,-0.9140224414351523,6.60382142677732
1.0,0.0027030232030593737,0.7017908737461838,7.643959310551793
1.0,-0.7861928894035832,0.5848778676763737,1.2299985599100582
1.0,-0.47120308669428357,1.0,4.390292329625877
0.31166772676606036,0.9087594399400245,-0.2667017076531699,5.1254429889072
0.14769117513159902,1.0,-0.5402168348008765,10.248465258855441
0.36424627766377315,-1.0,0.44363212260845275,0.30946330732259525
0.25293980679887507,0.06873895306765787,-0.8929365894629508,-1.4065269151737114
-1.0,-0.6988068627991422,-0.5194703571751436,1.461135783422527
-0.8859498525479261,-0.7585878933946169,-0.32237263348530054,2.9244728690478956
-0.02066448523291231,-0.9568238734848853,1.0,-5.035824941506173
0.12232590093511919,0.955318624541073,-0.5095635400099714,7.7066373692072405
-0.8131994317003748,-1.0,-1.0,-2.8009097667537315
0.7140100685643509,0.3169391925228393,-1.0,-0.7924361154972553
-0.20379921954002334,0.8169960261489597,-0.1418965811428532,1.342738970987785
0.7572299044520572,0.2980603027679316,-0.20985981916551877,1.7237452407367604
-0.23119839778358275,0.14289421184652862,-0.8920479018094774,-0.678618239375951
1.0,0.5742159393673714,-0.37004286725706703,6.449214481772611
-0.707978941152184,0.30373702690538407,-0.1659774525889801,-1.955092358337269
-0.5689712906366722,-0.07388443944363154,0.28781016303815177,-1.0235099146398108
0.893810166999323,1.0,-0.6646945493273686,18.67934870220158
0.5543251578346076,-0.13085458809445605,-1.0,-3.1198357215659684
0.07051674794827867,0.6880362851514386,-0.9346894969750341,-1.9106785614665815
-1.0,0.033928761378305694,-0.13933726787608447,-3.6315586158992508
-0.044557751952547964,-1.0,1.0,-7.060729761431856
1.0,-0.10895814489243594,-0.1823565138960923,4.304642084204256
0.477908034420377,-0.33448644806029715,-0.5054559161768377,0.5301019810446821
-0.22740719539792886,-0.5838162149372186,-0.7785986920378185,-0.4522557214532746
0.2997158466837455,-0.6118412369328321,0.5456743093653516,1.2044789486054612
0.12294643263545679,-0.6426539704621073,-0.4732129880795406,1.3518290313214654
1.0,-0.1518996750831909,0.43727247473864606,5.5741251043687345
0.6853011793116017,0.8010061409348088,-0.24077813047598084,3.145675311456203
-0.14145545734540943,0.5267025118645867,-0.5445067088013167,-0.17564310842540565
-0.03448706371103949,-0.07265148981213843,-0.945433719259501,-2.2127303009265686
-0.12087251866696391,0.7603867660089796,0.12876606174209293,1.9188177270430768
-0.11422192013546106,-1.0,-0.651267025373409,-2.8891263985814866
0.7941223051914637,1.0,1.0,14.330123232556668
1.0,0.15938313097341883,-1.0,9.584313915113336
0.07877699009591232,0.8954707823703225,0.8802204781242255,6.827304835020488
-0.7442142161934424,0.2601646784743117,-0.3830488628857527,-2.2446675153181235
0.7737284733572181,-1.0,-0.3489418014751098,-4.826747583074773
0.5660872348084001,0.3373496683616444,-0.032076006488279685,1.64646295668343
-1.0,1.0,0.09938916766793104,6.976709246872024
-1.0,-0.12725020433573575,1.0,5.274532961066351
1.0,-0.40580434159990375,0.25347299669606294,5.003368992365499
0.8959201466189521,-1.0,0.7432700482226675,-3.455935193758216
0.8632784103540341,1.0,0.8701860584767038,14.761911573957924
-1.0,-0.6130934049040739,-0.595078540300082,0.6705186312680184
-0.3898818368781032,0.88374230948847,-1.0,-2.3665824220564224
-0.14487767684969577,0.18795860829103406,0.68413396157518,-0.8685864496932646
-0.6785413952659263,-1.0,-0.5046493612220679,2.931855284960181
-0.454611356809675,-1.0,-1.0,-13.199682774993546
0.4231909665287781,0.5507167097753236,0.6676366361419102,1.447642566421133
-0.6736610270465231,-0.4319129157310868,0.3416837975750755,0.0903410091317427
1.0,-1.0,1.0,-9.070875911163723
-0.13734679418000328,0.4952110596026915,-0.48324402502133923,-0.5197083250045857
-0.4168718032677372,1.0,1.0,16.24400597127347
0.7114064120403552,-0.15065933070561632,-0.6029612877458344,1.7206140909290146
-0.21479033198440223,0.030404777029174213,1.0,0.3900639535469251
0.5127484465605197,-0.9579778359696189,-1.0,-19.287280062903776
-0.5073921769196921,-0.23513278624751255,0.4180705947433887,-0.12269190535951499
0.9089865954190639,0.2417906085795074,0.7158537183013938,7.179409734373856
-1.0,-0.4312482784979028,0.38208082852825687,-1.5742242613280117
0.2657154429546671,-0.5210019454438406,1.0,-3.889003285206429
0.7472726669875172,-0.8375204720833493,0.46756066843236455,0.029167167190621096
0.46684449586227883,-0.10630267413836858,0.5911533946374046,1.366097543841444
-0.2610057238641823,-0.019376997335127433,-0.07819784061199475,0.25426099699703475
0.7816622527757338,-1.0,-1.0,-26.39089979012705
-0.3539393819507419,-1.0,-0.14338742026332407,4.144677645972915
0.1238661524355924,-0.11867192440137853,0.07408403528410323,0.51763324620872
0.26392669801494195,0.9665953864030425,0.42353023698088754,5.693592281917539
-1.0,-0.4918334656457273,-0.08321791535065559,-1.0945215545686249
0.8367240648040708,-0.40679231442785224,1.0,0.2311737099077405
0.8288102621278963,-0.42680834385517774,0.6889726410310333,2.6498756095697957
-0.2975278188364925,-0.7792381932827976,-1.0,-7.870572958828429
-0.21017263049033974,0.31152962191405664,-0.9855475935759752,-3.9038360292280525
-0.36392640346514793,0.04718203045978342,1.0,0.8300814013737707
1.0,0.04625342243185404,-1.0,8.471633777424968
0.8101478440237797,0.7699585222529861,0.12975379721535307,3.9710603706597247
0.1714448608775978,1.0,-0.3846628839302997,10.52718915796486
0.83975345093915,-0.8205936394130675,0.19389898438572106,-0.04466084772632531
-0.07340781696761178,-0.5768455284619447,-0.25921030288361835,0.8150393526652536
0.5801402890267131,-0.4213456361900947,1.0,-2.272618111823716
0.09954818152236178,0.05990788850710316,0.11332883381874281,0.7048045762110299
0.23636043235172632,1.0,0.7255654234973108,8.467769457479164
-0.05275673909748568,-1.0,-1.0,-17.38275096131582
-0.6891030157785552,-0.5027568886228517,0.13150749210677604,0.8166424310157665
-0.5393659447888859,1.0,0.9365676520632795,12.761611932330158
0.4138796676661629,1.0,-0.5357404731850792,11.131425650871005
0.9784752171126925,0.0020690883551841566,-1.0,6.6607614254914145
-0.21943384081374573,0.28714740912613457,-0.8530341038407561,-1.189174314597561
0.7660359579790434,0.10205711907727699,-1.0,0.35294490797362627
-1.0,-0.14083203213224205,0.4403969741356235,-2.738842989924216
0.6628307673023195,0.42466040576384523,-0.5812187271445306,1.1403866411956898
-0.7701086737319305,-1.0,0.23833255274676213,6.785568966528542
0.24629023779106896,0.6303011028092658,0.18647172829519687,1.2064585393576215
0.23050993410918474,0.8760981993831669,-0.5618800099637158,4.645298499830452
0.31474783229128334,0.15117818763042368,0.6458530178033217,0.8511010563345057
0.14924210380001757,0.14360994110063863,-0.8301332432136606,-0.48926082517276204
-0.5043663248001387,-0.058636014342160925,-0.15586892019821086,-0.6528729955672488
0.9375599494224061,0.7717826966345223,1.0,21.118791353467998
0.9307994111373217,-0.8694829010436715,0.7016380331829961,0.329209887870733
0.19374286198450563,0.7787335653761507,0.7865475863351439,3.4875872616021417
0.24091995733443405,1.0,0.03223502133469869,7.739264706221619
1.0,0.25496434455521544,1.0,17.759166011547144
0.3419276837163603,0.6217499434380438,0.8335785064519992,1.7505666683446166
0.9866713946906391,-0.0035700558751066147,0.11199057008968394,4.433730323867649
0.18420873416095396,0.9762902374787983,-0.06900500927108344,7.5078167321074805
0.14105111146458738,1.0,1.0,11.664563751056226
-0.7338281023642126,-0.34465240327112756,-1.0,1.8938301771808228
-0.5876792311939429,-0.06537528783649282,0.7758073950378943,0.7916760445115798
-0.5695506349608617,-1.0,-1.0,-10.650620989520139
-1.0,-1.0,0.466423802011839,11.706712069557359
0.21018581362407085,0.4626080602819598,-1.0,-3.22914230156969
-1.0,-0.24375543329465543,-0.1293337147173792,-3.469075412258314
-0.2557048137016178,-1.0,0.642573010172429,0.7237558590646844
0.4588603517439851,-0.18795585717334062,-0.38565666253792363,1.0244711382979141
-0.63541527047508,0.6034207690498732,-0.8415909951823195,-1.5877461431112816
-1.0,-0.6661644288649329,-1.0,4.890965315711547
0.0933502473105754,-0.4762292204387826,-0.14094886013350538,1.5591279139872798
-0.28770052714658645,-0.39508684742555555,1.0,-0.2934741738724868
0.7828961896030044,-0.13160817165430694,0.7439976020206396,2.659061252740504
1.0,1.0,0.18982828158485265,13.477554853413466
-0.1261338232666911,1.0,0.226857596860208,6.484485330131516
0.0028328420708398916,-1.0,0.21921033915220733,2.4658431788143362
0.8172035611448054,0.1625573264837048,-1.0,1.8690310260004463
-0.4969662788124245,0.5745279847002975,-1.0,-2.811269113805794
0.3954833951642984,-0.5506673576787651,-0.17949738835798823,0.6832573913604557
1.0,-0.13824565557033175,-1.0,6.007913136508759
0.6602149606526442,0.3476824933023204,-0.8028019725828082,0.9850566180524494
0.6456503178349942,1.0,1.0,10.702060811378297
1.0,0.6436832003574244,0.46880806047654033,10.16586825084278
0.2758779460468368,0.025980146221540767,0.4877301609954301,0.9380021309050636
0.16210295123795215,0.20855838371305335,1.0,0.7836356055351358
0.48890243123006094,0.357776497874436,-0.5617602279893446,1.2344605567234073
0.1862612981380647,-0.03324307555899564,-0.33376152182225804,0.796035674965978
-0.41116913056268367,0.6745876190580677,-0.6360491210303374,-1.4484410216449155
0.002267473115836527,-0.8411010283371763,-0.11264614933939221,2.43278252728664
-0.5141156195025398,1.0,-0.1727372530238087,5.493100551035535
0.49510987140131335,-0.05083924584635846,-1.0,-3.273473794827561
1.0,-0.24072484838666175,0.6401713174722063,6.083061402156628
-0.32339247685011974,-0.20666979455685208,0.27021859086210265,1.033821287199125
-0.7562765815128492,-0.5354819484281383,-0.8421887422778036,1.3051435133501093
-0.41320864153148285,0.12146621879537456,-1.0,-1.696640016640304
0.7072005634937446,-0.6426614730823004,-0.3379161410284821,0.46147746263362327
-0.3115735701692468,-0.6405672919814651,-0.8740955896447591,-2.0740880739920153
1.0,0.42502470288110783,-0.6672947422188891,6.159035274621923
-0.2714842966033735,-0.4036004307003622,-0.09614310082717714,1.1599139276317783
0.5004541353774399,0.1328651333185784,-0.14920394232689915,0.9756478364491719
0.07573948794335283,0.5663750219648982,-0.29579722546826726,0.5127088862364553
-1.0,1.0,1.0,17.297887880389855
1.0,1.0,-1.0,38.93310230729906
-0.5887072150155463,-1.0,0.11716022218722966,5.098489914067451
-0.17048936285359506,-0.25835446750223645,-0.13699611692291147,0.48092676070404694
0.07813207875095873,-1.0,-1.0,-17.755462936754284
0.014538199895776316,0.7363438093708174,-0.35384976746992924,1.739554181982804
1.0,0.641297571237776,-0.2754525198618172,5.799656248311182
0.47972971916690277,-1.0,0.1843793569448382,0.3044757628846803
-0.8951779119760512,-0.753010068234468,1.0,9.171572895591542
-1.0,0.3237848842030264,1.0,3.1857944112579712
-0.20539940032953252,-0.28343064791841655,-0.48939810934860284,0.41914366092543687
-0.25835748176576834,0.339964859260131,-0.09072033952219405,0.46541729236164175
-1.0,0.7210099101878229,-0.8064099984150703,9.08542919322057
0.5319766048768155,1.0,1.0,10.228334734407833
-0.7374781273397937,-0.15704368146410785,0.8093592739115489,0.5254792744983405
0.34623129403733066,0.7532897173715976,0.23777244985839419,2.570454418755946
-0.30313428896100403,0.9562531733887181,-0.4818619117158447,5.300093585518472
0.25540061507762735,0.28960165693393924,-0.29603334609973886,0.7562106932327198
-0.8712786540985054,-0.3810036651487907,0.13268405867348765,0.09682376040071333
-0.06679813980941307,0.08998786411617399,-0.8798721669986063,-1.2342901694639075
-1.0,-0.4532464304107442,-0.8401397235754999,3.068346918910526
0.8420102005476799,0.3394805636921585,0.6867175924010183,5.046687747898855
1.0,0.21453582297277163,-0.6329967966243037,4.981954083219409
0.9146321133510273,0.09372717141540332,-0.149053588719257,3.6541064322881507
-1.0,1.0,-0.4172038920462009,11.500852553292884
0.9161071160156211,-0.22888588857430747,-0.2556530260383365,2.855308736610268
-0.23068939920298503,0.8107412116501334,1.0,9.875936390072033
-0.06268917158490561,-0.824248628371876,-0.021863364452354928,2.1999823410612875
-0.32031561051828983,-1.0,0.2834198968908215,2.6295719716224566
1.0,0.2891585109823547,-0.2674610340001109,4.274435282226538
1.0,-0.5071976873623609,-0.7132699357154677,4.939188652198737
-0.013660900288590794,-0.0881446518846487,-0.7726690313877651,-0.14813507205365
0.9682532678834348,-1.0,1.0,-8.078267251085705
1.0,1.0,1.0,26.813746919441147
-1.0,-1.0,0.04574314051642436,6.999092094596191
-0.07945289861004778,0.6468709012887806,1.0,6.407822131494316
-0.6853420390388019,-0.6122071958008293,-0.12778642207737656,1.845133181319426
0.6909825666598857,0.39255236396727233,-1.0,-0.9039720667590615
0.40896280860545664,-0.40613271523196626,-1.0,-5.20109603901946
0.8069237478489504,0.29610012682397446,-0.6217022748806564,1.3633222147560216
0.09020573124846343,-0.478709763518254,-0.5584644686191047,1.0428675404541567
-0.007527535177429323,1.0,-0.8596380311301293,7.7332151536873805
-0.06916300167849543,0.3011549666425606,0.9696912890467069,1.2586014785888746
-0.028201771726724445,0.34813484500758385,1.0,2.1551308735444934
-0.19971444531918303,-0.7583155263977766,-1.0,-8.807594972312794
0.9134553229027371,0.022859511892248552,1.0,8.119068983689198
0.7572839718423974,0.5508447480489724,-0.5735361427774812,2.304490201582702
1.0,-0.5023961812555844,-1.0,1.3900819116834364
-0.05758314842256462,0.16820010814071007,1.0,1.4926123022316296
-0.14568881199444617,-0.5296308876223488,1.0,-1.0700268628577916
-0.7304625264141191,0.6219294940702205,0.565135249456274,-2.925113407694089
0.3643964643972142,-0.46342781021414825,0.7871501892237864,-0.08643161491206813
0.3581400531276069,-0.394850513315282,-0.7218810721794795,0.45006168286275644
0.30633771658467324,-0.6159588311892354,0.781787883276597,0.2806894963432418
-0.9643319762231268,1.0,0.4223900625610244,2.078813806317871
0.11277223705675277,-0.4173056199346865,-1.0,-4.4920960881558685
-0.06333029927325828,0.29022652124264225,-0.23463384794858788,0.015435815357264682
-0.558471701880423,0.7885665006770508,0.5386512829388335,-0.4307603953569298
-1.0,0.5723653707951422,0.15636802032331354,-2.957211812897037
0.31757239715606667,0.194072542083235,0.1552665750099218,0.9888953122285168
-0.09740716269037897,0.5110188522039012,-0.3145999118727212,0.028571484879085604
-1.0,1.0,-0.9953627397015927,21.457620119999174
0.047195898205762754,-1.0,0.8263175665773252,-2.5085177467278377
-0.6483811429640591,-1.0,0.5996431482006326,5.090222144296157
-0.9306600380368812,0.5895574337518164,-0.28810691988601644,-1.1938626937926147
0.31897317950672144,-0.4807461222146452,-1.0,-6.627280594344192
0.2716220679309791,0.18915565409818513,0.836980149758709,0.7241637468619748
0.927991617258265,-1.0,-0.9176025953924343,-21.761987179662853
0.07628987984069813,-0.9359492722472831,-1.0,-14.22503935620736
1.0,-0.20748005549225912,-0.46781564648637164,4.228682664100132
0.29369128396623,0.7348857711058148,-0.0358251196070416,2.0057306832594795
-1.0,-0.02584475057306901,1.0,4.449343149738058
1.0,0.4701497290645342,0.6441686147527637,10.573949002451654
0.07832135569525,0.8254044100235101,0.6439896974297581,3.2279061178360657
-0.9766572951516685,-1.0,0.7120543956558907,13.961923802170249
1.0,0.205143289693551,-0.5427785288027343,5.6681828195615
1.0,-0.8900008451618733,0.44438779663672556,-1.328768196231652
-0.1063235550709456,-1.0,0.27629171499830796,2.2596785961478822
-0.05756939249477755,0.6929262214919594,0.5828713391152411,2.061162731948279
1.0,1.0,0.22284192925564827,13.265621665712175
0.9135729149317888,0.5931007667042043,0.1221568117780294,5.377701774830362
-0.4474869290039809,-0.09021952027373747,-1.0,-0.5348741072690457
-1.0,-1.0,-0.32290953592830784,6.697117992648605
0.46697787615016684,-0.048721076785462225,0.5046416336950417,1.5694294258905088
0.09098853824072584,1.0,-0.8710659825975291,8.070821277128045
-0.5950937128874434,-0.06944611793406263,0.14849033022089464,-0.13785001955683118
1.0,1.0,-0.5803707086029779,22.444121411230153
-0.6669810287214302,0.31965072635090186,-1.0,0.13498577840335135
-1.0,-0.39601024002166096,0.010433386683161405,-3.0579840864473984
0.05245074015974627,-0.9476931442381369,-0.9981471417641707,-14.890993635313054
-0.6166754337718505,-1.0,0.8712751296658792,1.8945963239305548
-1.0,-1.0,0.2544481797558005,9.613309637899881
-0.38282949544921485,0.40264126170629644,-0.833502036916451,-1.3338808975363514
0.5365988701754356,0.922770513544438,-0.1834844510449598,5.3492805505610885
-0.47247591110955245,-0.36537296952249365,0.5492455592625489,1.11659558012581
0.9107472183041623,0.41481264719562616,0.3035148430449339,4.866227612537945
-0.5306778117688655,-0.67310514669166,0.5917874959553213,0.8350098417267859
0.24306200932609112,-0.3350855204115215,1.0,-1.8398767374051888
-0.33294208133766623,0.08986000224760016,1.0,1.2592729775530846
-0.05091321346000521,0.9198189678357205,0.4859342563711866,4.198650586153487
-0.3446388082745695,-0.28099701956129475,-1.0,-2.392469317211899
0.0479894659182305,0.3486016486308001,-0.5017684839550189,0.24619981847924996
-0.4862259166959211,1.0,1.0,16.154350068140513
0.5402000596723935,-0.5921011315147056,-0.6439200816492909,1.1395087918722608
-1.0,0.5807985555259041,-1.0,18.4500653581727
0.5753109109158716,-0.8676586611135808,0.20026703013390912,1.0420778651277842
-0.872017496677518,-1.0,-0.09031613198941213,7.191464165882469
-0.14973473356222167,-0.013911431652916972,1.0,0.6798238652633488
1.0,-0.9401024388524133,-0.4574835278396425,-4.83349097395524
-0.02706941363363269,0.04665353012877671,-0.587664293536466,-0.058790276986735446
-0.038082826440558604,-0.35002035133942644,1.0,-1.2908742969177036
0.15926545417819615,0.22021004616360473,-0.3914126229652244,1.5200550304963338
-1.0,0.5878594639579506,-0.05958004040436471,-1.9911264243747897
-0.9998001884193723,-0.3666657088364531,0.6179049329742976,-0.029043739453111728
-0.24879824949500495,0.006679519774681619,-0.25271346539973916,1.102771220604077
-0.6128534632475808,-1.0,-0.6052626681476261,1.3178375779588638
0.7057592005608821,-1.0,-0.5815859899471709,-6.8157232508040275
-1.0,-0.5076056776757571,-0.572643530212904,-0.592070021005395
0.7976391826170481,-0.5281935987653261,-1.0,-5.204832603656599
0.9846797095447621,0.8732405193422677,0.6122567671507337,13.715689207968156
0.21076222984764392,0.09817842291694068,-0.407808250565211,1.555161884746644
0.231640441828584,-1.0,0.14735194209680347,1.4296779843295206
-0.8095301920669815,-1.0,-0.44969383446066447,4.023556545326251
1.0,-0.7546688763169087,-0.4883885165092343,2.357364731222028
0.4441383639980865,0.12349154349946767,-0.5473747489025087,1.4635122551387862
0.04111567488630352,0.6678814419067227,-1.0,-3.692252800046856
-0.651612858262919,0.7904864717198121,0.4977836750043414,-1.0511353381003286
0.5437331346200962,0.5170965730632839,-0.7844604887711517,0.6399264984431524
1.0,0.5926467479811901,-0.24430366480950205,5.9448072796914575
-0.9746435845422543,-0.36329958844748766,0.49514593919887573,-1.0522960976100804
1.0,0.885205174850175,0.8021912543381708,18.327251631954763
-1.0,-1.0,-0.6923284255095805,3.52964963298771
-1.0,0.01465044149953676,-0.503864681796222,-2.011691839798159
0.47830730132980603,0.38497698360294175,0.5243338138956162,1.0436469670860757
1.0,1.0,-0.5738151064396024,22.09645623330194
0.039551114013508526,-1.0,0.14247446385090634,1.6541008492647138
-1.0,0.42139374709162913,0.47220051291678056,-4.574248204239639
0.7508415726690594,0.5478278597225137,-0.081506329700614,2.0085486559900625
0.28976942293008756,-0.07000174357498268,0.9072515532876668,-0.42202477696999596
-0.715860044961131,1.0,0.20533740776396514,4.617124074417788
0.28736525415605785,-0.39065699696831313,1.0,-1.9487383418488198
0.07173435249322768,-0.29137117471746676,-0.30283709657489166,1.1921379431176562
0.30750587317102185,0.6674973683222958,1.0,4.978970470512025
-0.13002367791188418,-0.9177861894067021,0.12196993628982988,1.8632548390364108
-1.0,-0.529185336776735,0.15673808445048243,-0.833386926585111
-1.0,-0.06032782855624719,1.0,4.425513181391144
0.0024182183578169703,-0.9595348578937133,-1.0,-14.529864138728444
1.0,0.047847305044339095,-1.0,8.601702028242016
-0.8563769746333787,0.3912220723490787,-0.5945028219569002,-0.5349667703645897
-0.738049369295984,-0.2042433813646216,-0.9489341393207382,1.446459248023783
-1.0,0.9364263951457346,0.33589683750548915,1.7713328799147612
-1.0,-0.14533120643186614,-0.31060185175794697,-4.021025204163275
-1.0,-0.22080616514262008,-0.8244239465480729,2.021187530622682
-1.0,-0.8802060005453287,1.0,18.963442782591724
1.0,-0.9707878645974068,0.6363182127318741,-4.311880550047832
-1.0,1.0,0.10359269011479522,5.9217017386267985
0.5192556779834547,0.43436347313764134,-0.20640375985722237,1.1428829119083428
-0.6715885141187414,-0.922464370986559,0.644188274205445,3.540079474288244
0.9826894073292349,1.0,0.31971140775605167,12.580153589236364
0.3625754422879246,0.5160228543764633,-1.0,-2.5100099180749913
-0.8655428536624896,-1.0,1.0,10.32843470159596
0.4746587155934132,-0.7302059795347198,0.6299205850509413,0.4001966246125137
0.7123984342985519,-0.4460853987244662,-1.0,-5.13639926673219
1.0,1.0,-1.0,40.10598603609826
1.0,0.6617935268267088,1.0,25.746284586672886
-0.8587374744081018,0.19398079501249077,-0.32887300264701946,-2.3892645292794388
-0.6624880744649584,-0.288176358597386,-1.0,1.354174611576707
-0.10426832375584416,-0.5154050323407477,0.01923253528584845,1.6037084111596263
-0.13881178165645802,0.301517129541399,-0.16374654534215716,0.029487884628605587
-0.15566493525589387,1.0,-1.0,2.8672306571650514
0.24628528366783686,-1.0,0.9400819412778523,-4.405410666096905
-0.980282210217287,-0.1295331334726615,-0.30857753857159875,-2.4331146563792165
0.10659114524967461,-1.0,1.0,-6.996391491488665
-0.07897504173674141,-0.6861780282602079,-0.9748202721480803,-7.249411856782617
-0.07645158614837633,-0.2763776852334079,-0.2949337582095646,0.7701843707556403
0.1876122199854211,-0.7309666566927837,0.9899201432958211,-3.399840458828266
0.8950436589879742,-1.0,-0.7098380563907176,-12.316073185223047
-0.397818533407335,0.2043426554726706,-1.0,-2.0143714877890466
-0.22876242557485327,1.0,0.9949974597412456,15.303675914211148
0.39671484825626213,-1.0,0.3652573042368721,-0.13790260671617827
-0.19907124546036759,-0.48293554153936125,0.6942864628386987,0.3499966521223865
0.7185875410365579,-0.09260466612706253,0.8207790665991268,2.4233657146058345
1.0,0.9612614396279653,-0.04774473933573531,12.321521064350057
-0.8442341145808141,-0.5499189460017966,-0.6317258144652895,1.7740552103428198
1.0,0.6021662772893532,0.21978787662384303,8.368614636625097
0.08126036928218983,-0.7213728623836886,-0.9314714532501065,-5.7803079531465125
-0.683853735783789,-1.0,0.5877597231030431,4.994304445817669
-0.6327055194575102,-0.5067014045390243,-0.31168979602899904,0.9401169545858624
0.06397963936307582,0.7178966630517636,0.6992069739387674,2.181114375691362
-1.0,-0.9516617291858154,0.5594117940718772,11.572019706500026
-0.7122440558453902,-0.26112461179545776,-0.14537975204730036,-0.003807751663777059
-0.34875758759851627,0.32358273665884085,-0.5269303369156382,-0.7268766204991974
-0.5635688995599686,-1.0,0.9745146280008987,-0.5689422928402765
-0.2591484389907528,0.6531076328398351,1.0,5.741229895089317
-1.0,0.01628300216437628,0.6902286977655792,-3.178389911742951
0.5231346343850525,-0.15742386737299885,1.0,-1.4671357023958342
-0.16440036222588117,0.4894236408163679,0.08819360247174979,-0.6187710332039513
0.9040367201226152,0.15681534398140884,1.0,10.094692517540976
1.0,-1.0,0.16260470033932273,-7.604667739256013
1.0,0.4894676322721019,0.01710799607534441,6.681281060697865
0.2275909994208818,0.6398095027900517,-0.5504014561482151,1.4092028588362906
-0.3135955945609685,1.0,-0.5339763105011404,6.764406101006762
-0.31973576730857634,0.49545399597044604,-0.22964426142991212,-0.7023432572948642
-0.6098082367149293,-1.0,1.0,-0.6493839815743636
0.17088544568394415,-0.7058154762593383,-0.9087268195721694,-4.424150411436565
-0.40016122565542234,1.0,-0.8015799543709474,4.7869881281047615
0.61475438370451,0.5472960860984049,-0.24907500146860917,1.087015986470331
-0.9626600674737329,0.9998631228830628,-1.0,15.680919933796227
0.0779836459599843,0.6990932966495698,0.9083992076218412,3.986070058352786
0.04826840276633959,0.15438077143063267,0.9352084301124834,0.49915210530109694
-0.08085289852001187,-0.18985458345145245,-1.0,-3.6871388496944304
1.0,-0.5756701218341143,-0.60753443479668,4.936125493163712
-1.0,0.48326795167860803,0.21380967709522358,-4.328706632265744
-0.17637141993841654,-0.5047901307791163,1.0,-0.7261527710428154
-0.2526695231142453,-0.28542332184240915,0.7492096676769251,-0.22075280110364803
1.0,-0.2531375117116228,-1.0,6.346857934426038
-0.051681137027781654,0.4353583611244509,1.0,3.801672373889346
1.0,0.8560608245151549,0.09557611004994127,10.54704473606656
-0.2929601437897118,0.19014374711496784,-0.0540136690960209,-0.0532791965137204
-0.6700473731722156,-0.6220058496835836,0.08945986353649027,2.1000217210750787
-0.05882405839291294,-1.0,-0.23403333275540672,1.7493435203132575
0.35344980169078655,-0.10426345973455997,-0.07325213362727645,2.165864152162179
-0.3434077975976124,0.08539965135331995,0.8084927782442282,-0.5071919034011978
-0.23868249447768397,-1.0,0.4987585113948574,1.2386684165593576
1.0,-0.2699795916369716,-0.7096792353860237,5.705084181765966
0.38198411560878065,0.4663715972744882,-0.15231266039971092,1.9817731816962834
-0.02050638969292118,0.06755869958756988,0.40120138369692415,0.3457068071308174
1.0,0.2624749590642428,1.0,18.02796440736077
-0.8821298514909648,0.2150036632441743,1.0,2.9049585910279605
-0.499527046313637,0.31621625148541077,-1.0,-2.0417508602956045
0.6993267618096255,-0.40541483351416896,0.3152939353458135,1.38208004078001
0.7153633227855087,1.0,-0.44034374976581336,12.07043048337696
-0.32921120253121683,0.8626497553686827,-0.8141102781407132,-0.3932760057195613
0.5084934887345336,0.349374903069938,1.0,2.126563058760711
0.0672065019337158,0.9279045980327842,0.3010196381289856,5.296964607240504
-0.8788454134211527,1.0,1.0,16.32173054228529
-0.18011402328280268,1.0,0.47023833105399393,7.409853070435461
0.649526963573579,0.04514022838371856,0.32567281556597893,2.2236784614921987
1.0,-0.7615541014982115,-0.47325720765247836,1.6512884898218723
-0.6866857474640147,0.30237491432251806,-1.0,1.0919316828405143
-0.09219274870236838,0.5327324473842174,-0.40052818900326104,0.42028751366436545
1.0,0.4079590838658087,-0.429848878033696,5.3059142479864265
-1.0,0.9005768725126095,1.0,14.314758965076447
-0.3289277202167651,-0.7428026432738866,0.2082460720354362,1.0281425770576504
-1.0,-0.09402129761760558,0.9186033459278915,0.268114965981584
-1.0,0.2819469266631274,0.30373017209127706,-4.49259221354903
0.737341036727124,-0.7979358230062974,0.00706471036084988,-0.7230617126851837
-0.943891661279769,0.7154730374519727,-0.23905819193791067,-1.0243253393798093
1.0,-0.4083199271276987,0.2969450059449097,4.389917620946569
0.1572907322319521,0.943274762716086,1.0,9.923047442032088
-0.6824187350866202,0.04822277311292522,-0.03381211086797009,-1.4539528073062322
0.8581884552496228,-0.8826761959266181,-0.9710902776690038,-13.740379466527735
0.1253969098787382,0.7218631553108998,0.9890487514754447,5.873681807920587
0.37547204395064315,0.014260175563232114,-0.5181454802525571,0.9056801604687357
0.3693521300029279,0.43716725090724085,-1.0,-2.540669940500348
-0.7461166466380296,0.5092975678617595,0.1541477032967793,-2.630883256486927
-1.0,-0.8639537006432123,0.18047578689713895,4.851800054208115
1.0,-0.4793163013038897,0.24986025361505493,4.566572389511279
0.3297619794409541,1.0,0.5669795151435926,7.102289477758349
-1.0,-0.8004965885759792,-1.0,3.698372797823305
-1.0,-0.42740479827099476,0.4681869437734292,-0.46450170708893757
0.5196631683520421,-1.0,0.0017396011673695977,-0.5335769415677478
0.7925152024498807,0.37449499054266755,-0.5264328815447665,1.267504974835785
-0.7376594092692395,0.6278834424250122,-1.0,1.125725078509303
0.1436348318216618,0.6510877696617925,-0.761469827628179,0.6596833734980052
0.6047784471864912,0.9100138893633043,1.0,9.23449401826231
1.0,-0.7895060545254118,-0.42498814154724873,1.1190377530489877
0.21373284254028824,-0.6089895470097266,1.0,-3.3540419942858324
-0.20469328572688972,-0.6352049881578687,-1.0,-6.308559821342205
0.5845273675241427,-0.03241479563556182,0.07366960365790165,1.5966817682381245
-0.5570862824825544,-1.0,-0.009439527445179063,4.977431112223938
1.0,1.0,-0.17852072973161404,15.339896644861815
-0.8188702870660931,0.3324720343329335,0.557854169981506,-2.4429207448591885
-0.0788977013199581,-0.06840027400344129,-0.10238685868849151,0.8128821096214006
0.1361457968767168,-0.5394636522773946,0.6878502114183283,-0.16442090651952945
-1.0,1.0,0.7380841899634587,1.8990768014933463
-1.0,0.5142997717790685,1.0,5.154135030194443
-0.5095063596364193,0.5750863136533229,-0.523694134184074,-1.3926778386833647
0.11981312213752648,1.0,-0.06267238219380245,8.356209883594687
-0.274507039253985,1.0,-1.0,2.439601561247431
-0.20608062775638714,0.18191868196252736,1.0,0.6478008408874717
1.0,0.04022195643946658,0.41481482859690244,6.831948737048468
0.13787687499683665,0.2890979878844149,-0.7862586652083534,0.8376016314187384
0.4069532478430886,-1.0,1.0,-6.806493383862529
-0.8163810915678138,0.612321645307345,0.3079279466666833,-3.2891366067166916
-1.0,-0.004577283180576819,-0.7874130858749311,2.3564170638462283
-0.21006207718104086,-0.41399230250132524,-0.6333352846833682,0.0002695085242994111
1.0,0.3575885960343217,0.6405515071479286,10.58066665923484
